one,counts,astFALSE,astTRUE,se.astFALSE,se.astTRUE
1,738,0.31276710890107834,0.6872328910989217,0.025076571275538837,0.02507657127553884
