one,counts,cvdFALSE,cvdTRUE,se.cvdFALSE,se.cvdTRUE
1,1473,0.9088519949061038,0.09114800509389615,0.009107725131792753,0.0091077251317927509
