one,counts,depFALSE,depTRUE,se.depFALSE,se.depTRUE
1,4179,0.813363025932898,0.18663697406710208,0.015915088876170623,0.015915088876170623
