one,counts,dmFALSE,dmTRUE,se.dmFALSE,se.dmTRUE
1,3877,0.9246709529640942,0.07532904703590587,0.007521117675228508,0.007521117675228508
