one,counts,hbvFALSE,hbvTRUE,se.hbvFALSE,se.hbvTRUE
1,3039,0.9941392511019297,0.005860748898070332,0.0015778578952159125,0.0015778578952159123
