one,counts,htnFALSE,htnTRUE,se.htnFALSE,se.htnTRUE
1,1760,0.6636613002019752,0.33633869979802483,0.019269385165879744,0.019269385165879744
