one,counts,strFALSE,strTRUE,se.strFALSE,se.strTRUE
1,1473,0.9360926140429561,0.0639073859570439,0.011036831634581362,0.01103683163458136
