one,n,p.lwr,p.upr,p,health_outcome,se,pred,pred.upr,pred.lwr,pred.se
1,1473,0.07319866615539744,0.11180866750907925,0.09114800509389612,cvd,0.009107725131792746,0.09114800509907031,0.11064079543848668,0.07480062900864953,0.10994350609808418
1,1473,0.0430305359969887,0.09079689494355203,0.06390738595704387,str,0.011036831634581357,0.06390738595704655,0.08926160165878523,0.0453959106930819,0.18449072826407656
1,1760,0.2967270549836377,0.3777373708519389,0.3363386997980249,htn,0.019269385165879744,0.33633869979833625,0.37508657383110866,0.29967410473763706,0.08632657749074565
1,3877,0.06053172735407661,0.09240961407432846,0.07532904703590564,dm,0.00752111767522849,0.07532904703590719,0.09145973349457437,0.06184964510238852,0.10797735756560027
1,738,0.632373899572612,0.7384673147371578,0.6872328910989209,ast,0.025076571275538802,0.6872328910961266,0.7341683062424534,0.6361178595627685,0.11666568696006528
1,1473,0.03144129308019636,0.07211744677846244,0.04889514535351322,ckd,0.00934642198599903,0.0488951453563144,0.0708283539760656,0.0335089875166271,0.20097926115962747
1,3039,0.0030726258410747748,0.01011980298918902,0.005860748898070323,hbv,0.0015778578952159094,0.005860749140548311,0.009924069782486595,0.0034553122070726154,0.2708117687133817
1,3039,0.013417263991415181,0.04749956390473309,0.026789516299803782,hcv,0.007606308078498281,0.02678951629986082,0.04649581121469042,0.015301299920009176,0.29174422012650086
1,4179,0.15472730838165774,0.22199988296976203,0.18663697406710159,dep,0.01591508887617059,0.18663697452438202,0.2198519197350319,0.15742749482813706,0.104839986549257
