one,n,p.lwr,p.upr,p,health_outcome,se,pred,pred.upr,pred.lwr,pred.se
1,1473,0.07319866615539745,0.11180866750907925,0.09114800509389615,cvd,0.0091077251317927509,0.09114800509907042,0.11064079543848677,0.07480062900864966,0.10994350609808398
1,1473,0.04303053599698873,0.09079689494355214,0.0639073859570439,str,0.01103683163458136,0.06390738595704627,0.08926160165878494,0.04539591069308163,0.1844907282640773
1,1760,0.2967270549836377,0.3777373708519389,0.33633869979802483,htn,0.019269385165879744,0.3363386997983362,0.3750865738311085,0.29967410473763706,0.08632657749074556
1,3877,0.06053172735407681,0.0924096140743288,0.07532904703590587,dm,0.007521117675228508,0.07532904703590704,0.09145973349457422,0.061849645102388384,0.10797735756560055
1,3877,0.11251899910788864,0.14939570946706326,0.13013255258737333,ast,0.008776126639009393,0.1301325538680205,0.14832068672205245,0.11387656140811331,0.0775289408695786
1,1473,0.03144129308019636,0.07211744677846244,0.04889514535351323,ckd,0.009346421985999033,0.04889514535631432,0.07082835397606553,0.03350898751662701,0.20097926115962786
1,3039,0.003072625841074779,0.01011980298918902,0.005860748898070332,hbv,0.0015778578952159123,0.005860749140548341,0.009924069782486621,0.003455312207072643,0.2708117687133804
1,3039,0.013417263991415209,0.04749956390473309,0.026789516299803837,hcv,0.007606308078498295,0.02678951629986095,0.046495811214690465,0.015301299920009311,0.2917442201264987
1,4179,0.15472730838165816,0.22199988296976259,0.18663697406710208,dep,0.015915088876170623,0.18663697452438222,0.219851919735032,0.1574274948281373,0.1048399865492567
