"Gender","smipy","se"
"Men",0.0592004004673852,0.00665501259107106
"Women",0.101499495053092,0.00738925340723042
