"Gender","p","se","health_outcome"
"Men",0.137683166879643,0.0110035458816364,"SPD_month"
"Women",0.14156461384915,0.00790498041446378,"SPD_month"
"Men",0.312600576135445,0.0150996269779362,"MPD_month"
"Women",0.32624546891243,0.0109941221486044,"MPD_month"
