"Gender","amipy","se"
"Men",0.262687546269522,0.0143366284267433
"Women",0.342271629965655,0.0121090349890965
